-- MySQL dump 10.13  Distrib 8.0.32, for Win64 (x86_64)
--
-- Host: 127.0.0.1    Database: mirandahoteldb
-- ------------------------------------------------------
-- Server version	8.0.32

/*!40101 SET @OLD_CHARACTER_SET_CLIENT=@@CHARACTER_SET_CLIENT */;
/*!40101 SET @OLD_CHARACTER_SET_RESULTS=@@CHARACTER_SET_RESULTS */;
/*!40101 SET @OLD_COLLATION_CONNECTION=@@COLLATION_CONNECTION */;
/*!50503 SET NAMES utf8 */;
/*!40103 SET @OLD_TIME_ZONE=@@TIME_ZONE */;
/*!40103 SET TIME_ZONE='+00:00' */;
/*!40014 SET @OLD_UNIQUE_CHECKS=@@UNIQUE_CHECKS, UNIQUE_CHECKS=0 */;
/*!40014 SET @OLD_FOREIGN_KEY_CHECKS=@@FOREIGN_KEY_CHECKS, FOREIGN_KEY_CHECKS=0 */;
/*!40101 SET @OLD_SQL_MODE=@@SQL_MODE, SQL_MODE='NO_AUTO_VALUE_ON_ZERO' */;
/*!40111 SET @OLD_SQL_NOTES=@@SQL_NOTES, SQL_NOTES=0 */;

--
-- Table structure for table `bookings`
--

DROP TABLE IF EXISTS `bookings`;
/*!40101 SET @saved_cs_client     = @@character_set_client */;
/*!50503 SET character_set_client = utf8mb4 */;
CREATE TABLE `bookings` (
  `_id` int NOT NULL AUTO_INCREMENT,
  `guest` text NOT NULL,
  `specialRequest` text,
  `orderDate` datetime NOT NULL,
  `status` varchar(255) NOT NULL,
  `checkIn` datetime NOT NULL,
  `checkOut` datetime NOT NULL,
  `roomId` int NOT NULL,
  PRIMARY KEY (`_id`)
) ENGINE=InnoDB AUTO_INCREMENT=32 DEFAULT CHARSET=utf8mb4 COLLATE=utf8mb4_0900_ai_ci;
/*!40101 SET character_set_client = @saved_cs_client */;

--
-- Dumping data for table `bookings`
--

LOCK TABLES `bookings` WRITE;
/*!40000 ALTER TABLE `bookings` DISABLE KEYS */;
INSERT INTO `bookings` VALUES (1,'Wesley Ward','Cupiditate odio tempore perferendis. Repellendus perferendis error culpa aut velit totam quis ullam. At fuga maiores quis illo non.\nDistinctio ducimus sint. Voluptatibus explicabo debitis qui. Repellat eos ad saepe.\nOdio excepturi adipisci. Architecto est praesentium dicta mollitia blanditiis amet. Voluptatibus labore velit nihil ratione. Dolorum aliquid vero ad doloremque. Exercitationem praesentium accusantium inventore minima quo neque asperiores vitae consequatur.','2023-04-24 23:05:09','Check Out','2023-11-14 02:11:59','2023-11-23 02:11:59',10),(2,'Mr. Laverne Crona','Nemo officiis dolorem atque amet debitis quis ex omnis.','2023-01-04 16:45:59','Check Out','2023-05-22 09:23:59','2023-05-26 09:23:59',4),(3,'Lewis Thiel','Modi beatae commodi atque fugit consequatur neque deserunt.\nQuo libero dicta sed.\nHarum debitis libero voluptates aliquam voluptatum laborum.','2023-03-29 06:30:58','Check Out','2023-04-30 16:51:21','2023-05-07 16:51:21',13),(4,'Heather Baumbach','Earum eos ipsum doloremque. Enim earum ipsam non maxime. Nesciunt alias velit non beatae voluptatum dignissimos. Recusandae iusto maiores repudiandae est libero.\nMinus quis neque animi cumque aut. Expedita quaerat tenetur laborum sed. Ipsa sunt odio nobis nemo facere aut quasi. Amet veniam commodi repellat culpa laudantium explicabo accusamus. Quasi quasi nihil perspiciatis fugiat quod est.\nInventore in fuga tenetur illo deleniti blanditiis distinctio. Earum aliquam assumenda reiciendis ad architecto hic. Nemo harum sapiente vero non.','2023-01-21 21:08:50','Check Out','2023-10-19 03:21:30','2023-10-29 03:21:30',5),(5,'Sheryl Bartell','Ullam non in sunt rerum incidunt iste.','2023-02-10 04:17:44','Check In','2023-08-07 06:11:21','2023-08-15 06:11:21',20),(6,'Clifton Kovacek','non sunt quos','2023-05-10 04:50:58','Check In','2023-06-12 08:40:02','2023-06-19 08:40:02',9),(7,'Ashley Hickle','Sunt dolorum voluptates iusto perferendis quo. Molestiae tempora voluptatibus aspernatur occaecati. Expedita consectetur quaerat animi. At voluptas sequi. Optio iste quasi voluptas delectus eius quas molestias tenetur deserunt. Quibusdam ratione doloremque expedita vero eos debitis unde nemo corporis.','2023-04-02 17:02:18','In Progress','2023-04-24 02:46:33','2023-04-27 02:46:33',8),(8,'Becky O\'Connell','Deserunt tempora ea cum mollitia libero alias corrupti.','2023-04-13 15:09:15','In Progress','2023-11-04 13:35:46','2023-11-14 13:35:46',5),(9,'Ms. Jeanne Schuppe','Placeat excepturi nesciunt dicta optio asperiores neque.','2023-03-17 12:02:17','Check Out','2023-05-05 12:32:08','2023-05-15 12:32:08',13),(10,'Emma Effertz','Sit nam omnis repellat incidunt repellat. Nobis adipisci itaque. Cupiditate at saepe praesentium mollitia sed nobis repellendus. Recusandae temporibus ullam facere recusandae aut corporis pariatur.','2023-04-30 02:22:09','Check In','2023-06-27 04:31:56','2023-07-07 04:31:56',17),(11,'Lisa Trantow','dicta consequatur dignissimos','2023-02-18 20:18:44','In Progress','2023-04-09 20:23:24','2023-04-11 20:23:24',10),(12,'Herbert Dicki','ratione','2023-03-20 09:28:43','In Progress','2023-06-24 12:36:32','2023-06-27 12:36:32',17),(13,'Marie Conroy','Qui ad dolorem totam modi nostrum repudiandae soluta voluptatum facere.\nConsequuntur dolore saepe odio porro soluta iste.\nDolor inventore repellendus.\nVoluptatibus necessitatibus tenetur expedita omnis beatae.','2023-04-25 15:39:38','Check In','2023-05-13 18:11:05','2023-05-21 18:11:05',9),(14,'Jeff Von','Rerum nesciunt provident magni ipsam veritatis maxime blanditiis.\nQuod temporibus atque asperiores tempore ea maiores vel nemo.\nMolestiae iusto perferendis laudantium ullam aliquam aut aperiam magnam hic.\nAdipisci odit facere.','2023-04-12 00:48:16','In Progress','2023-05-21 12:55:02','2023-05-30 12:55:02',9),(15,'Miss Sheila Price','in harum provident','2023-02-04 00:28:09','In Progress','2023-11-22 03:04:13','2023-11-29 03:04:13',8),(16,'Kendra Hamill','Quos ex suscipit rem iusto sapiente. In voluptatem ab. Cum pariatur quia earum placeat.\nDolores reprehenderit at esse excepturi labore. Eveniet rerum eum totam quae perspiciatis totam. Sit molestias quo explicabo sequi repudiandae porro. Ab architecto totam vel pariatur minima praesentium.\nSimilique dolor tempore autem. Corrupti sequi dolorum nisi. Doloremque quia doloremque cumque voluptas iste nostrum adipisci neque. Labore minima quaerat voluptate consequatur pariatur quaerat. Esse recusandae consequatur dolore iste.','2023-05-01 18:27:35','Check Out','2023-07-27 07:16:57','2023-08-06 07:16:57',17),(17,'Cary Hackett','Dignissimos blanditiis nostrum nisi porro. Delectus aperiam ducimus quas. Aspernatur earum culpa tenetur ex. Ducimus quibusdam pariatur assumenda debitis eum cupiditate mollitia laboriosam neque.\nExpedita dolorum perferendis inventore deserunt fuga debitis libero. Error iure suscipit praesentium delectus consectetur ad corporis. Itaque est iure ullam repudiandae in repellendus repellat voluptates debitis. Debitis delectus repudiandae. Id qui vitae laudantium vitae sed nobis qui ipsa. Est suscipit illo numquam dolorem.\nProvident cupiditate aperiam commodi id. Harum natus aspernatur aut dolorem deserunt. Commodi a aliquid ducimus recusandae asperiores tempore nobis architecto. Voluptas sapiente architecto id veniam iure esse culpa nesciunt. Ad distinctio a laboriosam quae. Laborum quos hic doloremque illo architecto molestiae assumenda.','2023-04-01 09:15:03','In Progress','2023-05-21 22:08:54','2023-05-28 22:08:54',14),(18,'Alexis Kiehn','magnam','2023-04-20 00:37:42','In Progress','2023-11-15 05:14:58','2023-11-23 05:14:58',6),(19,'Kristi Bode DDS','Dolore quasi optio blanditiis autem adipisci nisi neque.','2023-04-01 16:42:52','Check Out','2023-04-25 12:47:51','2023-05-02 12:47:51',10),(20,'Eunice Ernser','Odit labore atque saepe doloribus.','2023-03-10 19:28:44','In Progress','2023-05-20 17:45:00','2023-05-23 17:45:00',10),(21,'Shirley Legros','Cum fugit quidem. Mollitia sapiente nulla rerum quis est quisquam quisquam. Temporibus distinctio qui aliquam omnis. Magnam at dolores quasi accusamus dicta ratione soluta vero. Tempora ratione similique.','2023-05-24 05:41:02','In Progress','2023-07-22 05:31:54','2023-07-27 05:31:54',14),(22,'Juanita Kshlerin','Illo dicta officia excepturi id facilis iste repellendus maiores est. Perferendis harum eaque quia dicta delectus et dolorum labore. Ex corporis at eligendi quas laborum.','2023-03-03 03:09:27','Check Out','2023-04-12 07:56:51','2023-04-20 07:56:51',17),(23,'Alton Fadel','Sapiente eligendi sunt voluptatum itaque deleniti magni. Repellat quos vitae provident. Aliquid neque provident rerum dolores ullam fuga. Similique earum delectus praesentium ab suscipit similique perferendis nihil maiores. Quos aliquid rem modi dicta consectetur assumenda.','2023-03-30 18:29:00','Check In','2023-06-28 21:13:52','2023-07-08 21:13:52',2),(24,'Miss Sammy Franecki','Repudiandae assumenda numquam minima quod nihil. Dolorem ducimus iusto illo. Ipsa enim corrupti magni autem asperiores laborum praesentium tenetur. Recusandae ullam debitis nesciunt ipsum dolor sequi fugiat laboriosam alias.','2023-05-12 11:12:19','Check In','2023-07-30 04:59:07','2023-08-04 04:59:07',8),(25,'Forrest Schmidt','Saepe quibusdam ab qui. Et sint nisi. Velit ipsum ea libero quia. Quisquam ullam voluptatibus odit vitae.','2023-05-31 00:31:58','Check Out','2023-11-28 04:06:42','2023-12-02 04:06:42',9),(26,'Carla Ernser','Error cum vero deleniti consectetur culpa vero tenetur veritatis. Doloribus tempore atque ratione expedita. Impedit perferendis facilis cumque distinctio minima eum neque. Alias asperiores eos aspernatur quo consequatur.\nEum nostrum corrupti porro et a iste rem itaque. Quos fuga autem. Ullam quas ducimus facere itaque dicta quibusdam. Facere facere corporis laboriosam illo nobis. Necessitatibus consectetur totam placeat harum delectus est numquam sed expedita.\nReiciendis rerum magni eius fugit perferendis voluptas necessitatibus. Ipsa doloremque expedita facilis. Ut ratione earum corporis. Aliquid laboriosam officia officiis voluptate eos magnam. Ratione ex deserunt itaque cupiditate incidunt sed id magnam aut.','2023-04-18 09:14:42','In Progress','2023-05-19 17:30:34','2023-05-28 17:30:34',17),(27,'Janice Metz','porro eius architecto','2023-05-05 22:16:22','Check In','2023-04-20 07:39:09','2023-04-22 07:39:09',5),(28,'Kara Nader','Natus quo dolorum dolor maiores labore laudantium in.','2023-02-25 05:59:43','Check In','2023-05-12 07:23:11','2023-05-14 07:23:11',7),(29,'Roy Schuppe','Iure magni architecto laboriosam fuga aliquam. Animi debitis ex sunt odit error voluptatum blanditiis vel ducimus. Culpa deleniti ut itaque odit atque voluptatum repellendus. Occaecati soluta qui temporibus optio nostrum iste optio reiciendis. Consectetur nihil officia.','2023-03-04 13:10:37','Check Out','2023-04-26 13:53:53','2023-05-06 13:53:53',6),(30,'Dave Fisher','Quibusdam debitis rerum quos commodi recusandae. Aspernatur vel nostrum laborum ipsum totam iusto. Ex asperiores animi. Similique quo necessitatibus distinctio iste at ea asperiores expedita. Unde eveniet adipisci sunt nulla placeat animi eveniet deleniti cupiditate.\nSit eaque ex. Accusamus incidunt doloribus in harum. Facilis reiciendis corporis dolorum itaque voluptatibus doloremque praesentium.\nReprehenderit deserunt officiis. Deleniti magni debitis ullam placeat. Saepe quasi iste unde quos excepturi. Debitis neque ad.','2023-04-23 18:05:10','Check In','2023-09-24 06:49:36','2023-09-30 06:49:36',17),(31,'Agustín José Carignano','Testing','2023-06-05 15:23:22','Check In','2023-03-24 00:00:00','2023-03-30 00:00:00',1);
/*!40000 ALTER TABLE `bookings` ENABLE KEYS */;
UNLOCK TABLES;

--
-- Table structure for table `contacts`
--

DROP TABLE IF EXISTS `contacts`;
/*!40101 SET @saved_cs_client     = @@character_set_client */;
/*!50503 SET character_set_client = utf8mb4 */;
CREATE TABLE `contacts` (
  `_id` int NOT NULL AUTO_INCREMENT,
  `fullName` varchar(255) NOT NULL,
  `email` varchar(255) NOT NULL,
  `phone` varchar(255) NOT NULL,
  `subject` text NOT NULL,
  `message` text NOT NULL,
  `date` datetime NOT NULL DEFAULT CURRENT_TIMESTAMP,
  `_read` tinyint(1) NOT NULL DEFAULT '0',
  `archived` tinyint(1) NOT NULL DEFAULT '0',
  PRIMARY KEY (`_id`)
) ENGINE=InnoDB AUTO_INCREMENT=41 DEFAULT CHARSET=utf8mb4 COLLATE=utf8mb4_0900_ai_ci;
/*!40101 SET character_set_client = @saved_cs_client */;

--
-- Dumping data for table `contacts`
--

LOCK TABLES `contacts` WRITE;
/*!40000 ALTER TABLE `contacts` DISABLE KEYS */;
INSERT INTO `contacts` VALUES (1,'Shannon Hand','ShannonHand.Cummings@yahoo.com','55542 988762','Ipsa quas explicabo molestias aperiam accusantium.','Occaecati asperiores inventore cumque porro nihil reiciendis. Reiciendis odio pariatur voluptates omnis commodi quod quod delectus nesciunt. Eius ea sequi dolor cupiditate numquam modi. Aliquid quod fuga officia et ut voluptatibus. Vitae sequi voluptates aliquam. Voluptatem nisi maxime.','2022-09-12 13:57:17',1,0),(2,'Myrtle Smith','MyrtleSmith.Thompson@yahoo.com','49552 408914','Laudantium fuga numquam ullam ea et porro.','Beatae tempore neque laborum dolores laborum illo optio vitae. Dicta repellat cupiditate repellat ducimus officiis optio repudiandae a. Fuga ipsum tempore facilis necessitatibus dolorum. Adipisci voluptatibus labore. Voluptatibus dolore iusto.','2023-02-13 08:56:26',0,0),(3,'Genevieve Turner','GenevieveTurner.Koch@yahoo.com','07763 296820','Doloremque est inventore exercitationem quia nihil quo vel.','Iste voluptatibus nisi vitae itaque necessitatibus odio. Tempora commodi quos nobis nulla pariatur. Numquam fuga laudantium commodi reiciendis veniam.','2022-12-22 04:44:54',1,0),(4,'Angelica Hayes','AngelicaHayes33@gmail.com','52694 951482','Non deleniti fugiat a.','Ullam possimus recusandae ratione autem deserunt amet rem incidunt. Beatae quo omnis dolorum cupiditate libero quasi. Cupiditate veniam perspiciatis. Est voluptatibus inventore beatae eaque autem commodi. Quis possimus itaque delectus amet voluptatem.','2022-09-05 17:28:10',0,0),(5,'Eduardo Lesch','EduardoLesch.Quitzon66@gmail.com','90740 964425','Ducimus hic occaecati soluta provident perferendis iure facilis.','Quam cum doloribus sed inventore aspernatur vero cumque ducimus. In earum neque. Esse quis voluptatum natus eligendi esse commodi. Maxime debitis error excepturi. Reprehenderit exercitationem debitis fuga. Voluptate asperiores odio laudantium nisi.','2023-03-24 11:31:03',1,0),(6,'Beverly Feil','BeverlyFeil.Schaden60@yahoo.com','56185 386024','Adipisci nisi fugiat velit nulla at.','Vitae possimus in repudiandae quia occaecati mollitia molestias culpa cumque. Explicabo tempore quis maiores nulla blanditiis vitae fuga harum. Similique cupiditate saepe accusamus ut saepe magni dolorum distinctio laborum. Explicabo ullam in. Dignissimos velit illo consequuntur labore quidem architecto voluptates officiis. Magnam delectus dolorum at at itaque officia.','2022-11-26 21:33:34',0,1),(7,'Duane Veum','DuaneVeum20@yahoo.com','84099 503005','Tenetur necessitatibus ex recusandae eaque porro commodi nulla amet quae.','At sit porro cumque sit atque expedita. Voluptates placeat sequi quidem. Ipsum alias quidem repellendus illo ut. Eos ex omnis id unde. Adipisci ratione repellat odio.','2022-09-09 08:34:44',0,0),(8,'Earl Boyer','EarlBoyer_Cormier@hotmail.com','01478 106607','Rem deserunt temporibus.','Iure sequi voluptate quia ab sint eligendi omnis. Inventore odit magnam ab nemo placeat corporis voluptatum. Maiores cupiditate minima qui mollitia voluptate reiciendis.','2022-09-10 20:17:05',0,0),(9,'Arturo Waters DDS','ArturoWatersDDS.Murphy@yahoo.com','84275 236191','Exercitationem exercitationem eum consequatur consequatur labore enim necessitatibus numquam.','Facere error aliquid. Excepturi cupiditate odit exercitationem similique qui maiores maiores. Voluptas quisquam aperiam repellendus delectus facilis alias exercitationem. Dolorum aperiam inventore neque ducimus fuga repudiandae. Tempora officiis tempore inventore optio adipisci.','2022-07-08 04:09:02',0,0),(10,'Amanda Raynor','AmandaRaynor46@gmail.com','14250 301948','Quidem ex culpa praesentium natus deleniti accusantium hic eius rerum.','Cum mollitia tempore aliquid iusto aperiam aut ullam alias cumque. Enim aliquam quam. Dicta ipsam molestias hic animi.','2022-12-26 03:55:03',0,0),(11,'Daniel McGlynn','DanielMcGlynn_Rogahn98@gmail.com','22186 417124','Quod magni labore in.','Provident atque dicta similique aperiam. Nam laborum magnam perspiciatis sint suscipit alias assumenda. Fugit repudiandae velit quisquam cumque labore dolores fuga est possimus. Molestiae vero quisquam fugiat. Vel non distinctio eligendi quisquam sapiente ea eligendi officia repudiandae. Modi laudantium occaecati minus similique animi occaecati.','2023-03-16 17:21:39',1,1),(12,'May Sporer','MaySporer.Von3@gmail.com','74974 646681','Deleniti voluptatum iure omnis labore ab.','Ratione perspiciatis dignissimos voluptas quasi voluptates dolores dolore iure. Ducimus at maiores dolorum minima earum odio. Dignissimos voluptas tempore praesentium totam facilis. Atque provident officia reiciendis repellendus eaque officia amet blanditiis.','2022-06-21 15:12:55',1,1),(13,'Lorenzo Bruen','LorenzoBruen85@yahoo.com','60959 596160','Mollitia excepturi expedita assumenda veritatis dolores perferendis quos eligendi.','Aliquid odit inventore quas repellendus minus cum quibusdam adipisci. Sit minus dolor modi optio voluptatum laborum. Consequuntur beatae quidem sequi ad dolorem. Enim alias aut dignissimos veniam sapiente deleniti.','2022-12-10 13:26:26',0,1),(14,'Ora Stamm','OraStamm85@hotmail.com','64054 821924','Labore provident facilis.','Perferendis assumenda sunt incidunt eum nostrum in. Fugit dolore eaque alias libero. Odit ratione pariatur laboriosam id reprehenderit aspernatur perferendis iure repudiandae. In eaque temporibus corporis tempora aut dolor reiciendis. Dolor minus quasi earum cumque nulla.','2023-03-15 11:38:22',0,1),(15,'Janet Dibbert','JanetDibbert_Koch98@hotmail.com','54522 853802','Corporis numquam tenetur harum ex nam odit.','Doloribus repellat error veniam ad sit dolorem. Voluptatibus dolorum aliquam adipisci iusto nemo fuga. Facere blanditiis minus animi atque a illo beatae. Enim voluptatibus illo recusandae dolor culpa. Cum corporis iusto. Quas assumenda vel debitis dolore fugiat vitae.','2022-08-04 22:24:00',1,0),(16,'Juanita Fay','JuanitaFay83@gmail.com','98933 207067','Et aliquid sint ducimus odio possimus.','Ut blanditiis porro culpa eveniet doloribus fugit impedit. Eveniet natus dolores fuga. Occaecati tempore consectetur eum veritatis.','2023-01-19 00:48:41',0,0),(17,'Helen Johns','HelenJohns.Crist@hotmail.com','04136 336430','Adipisci quaerat blanditiis rerum cumque laboriosam sit.','Pariatur nobis mollitia quibusdam commodi eos numquam nam. Quaerat ipsam qui esse illum iure ab incidunt. Quisquam mollitia possimus eveniet ipsa perspiciatis veritatis dolores quibusdam. Natus laboriosam officiis tempore cupiditate quod ut explicabo nostrum adipisci.','2023-04-14 08:48:51',1,1),(18,'Melba Luettgen I','MelbaLuettgenI.Heaney65@gmail.com','14178 817059','Quisquam necessitatibus occaecati.','Dignissimos voluptates voluptas quaerat debitis numquam dolorum culpa vitae. Itaque nostrum itaque facilis. Mollitia omnis quibusdam voluptatibus assumenda fuga. Tempora optio quae facere laboriosam incidunt itaque sunt in odit. Porro quae consectetur perferendis eligendi quam officiis ullam quia.','2023-03-10 18:28:40',0,0),(19,'Gloria Cartwright','GloriaCartwright45@hotmail.com','99548 817391','Beatae natus non nisi rem molestiae magnam sunt eum.','Culpa saepe praesentium rerum iusto eos doloremque deserunt reprehenderit ipsa. Nobis nemo vero tempora voluptatem velit saepe distinctio. Quia dolor quos assumenda.','2023-03-03 12:39:56',0,0),(20,'Sheila Williamson','SheilaWilliamson98@gmail.com','14834 724924','Doloribus soluta suscipit laborum ducimus repellendus facere nemo officia.','Labore aut quas. Eligendi accusamus incidunt nobis nostrum. Consequuntur architecto consequatur minus vero. Pariatur libero dicta minus earum aperiam dolor aliquam in saepe.','2022-09-08 20:21:51',1,0),(21,'Wilbur Spinka','WilburSpinka_Carroll@yahoo.com','16962 930594','Nemo reprehenderit vero recusandae.','Animi culpa facilis eius. Exercitationem doloribus provident est repudiandae blanditiis fugiat. Nostrum alias voluptatum. Recusandae aut enim repellat ducimus molestiae. Modi maxime inventore laboriosam amet incidunt commodi. Architecto laboriosam neque in odit nihil commodi illo labore corporis.','2023-03-25 13:47:43',1,0),(22,'Thelma Kunde','ThelmaKunde.Jaskolski39@gmail.com','09205 585005','Itaque recusandae minus aut provident velit.','Velit laudantium omnis adipisci ducimus mollitia rem. Laborum nam fugiat nisi et voluptatem beatae. Soluta iste eveniet minus. Nemo sed ea blanditiis voluptatem quae. Voluptatem veritatis iure vel quibusdam id.','2023-05-12 13:37:46',0,1),(23,'Mrs. Henry Ferry','Mrs.HenryFerry.Trantow12@yahoo.com','63246 017013','Sequi tempora modi.','Praesentium tempora amet consequuntur sunt cumque magnam dolor. Amet suscipit tenetur dolorem vero adipisci. Consectetur possimus optio non quam ab rem.','2022-08-17 09:03:34',1,0),(24,'Miss Emilio West DVM','MissEmilioWestDVM44@gmail.com','20561 984205','Atque esse alias officia eaque ea odio eum doloremque non.','Voluptatum consectetur modi. Aperiam neque fuga. Dolore aut saepe id aperiam illum a porro. Quod asperiores minima occaecati quas consequatur possimus voluptatum accusantium explicabo.','2023-04-21 01:14:07',0,1),(25,'Vanessa Thiel','VanessaThiel_Ziemann39@hotmail.com','19656 259055','Possimus accusantium optio quam error accusamus quibusdam.','Voluptatibus amet voluptates aspernatur molestias odit. Iusto vel voluptatem deserunt. Nobis numquam possimus numquam quasi nisi esse aperiam cum. Molestiae ab deserunt vel enim error dolore ipsam pariatur. Corporis illo veritatis. Possimus fugiat iure nostrum dolorum.','2023-05-04 00:20:20',1,1),(26,'Anne O\'Conner','AnneOConner.Beer46@yahoo.com','14274 655337','Esse rerum dicta.','Facere molestiae qui soluta. Reprehenderit atque modi saepe eius. Labore sunt at temporibus sint omnis. Molestiae tempora ullam molestias quam deserunt adipisci maiores vero cumque.','2022-08-08 19:59:11',0,1),(27,'Annette Metz','AnnetteMetz87@yahoo.com','46979 778594','Mollitia placeat hic recusandae ab eaque odio.','Similique quasi dolor harum occaecati explicabo. Facere iste quidem provident deleniti delectus ullam repudiandae consequatur. Consectetur molestiae ratione sequi veritatis consectetur quaerat. Sit quos minus impedit aliquid porro quia. Laboriosam perspiciatis architecto officia repellendus est.','2022-10-10 10:35:27',0,0),(28,'Irma Haley','IrmaHaley63@yahoo.com','26478 594368','Dolore rem aperiam blanditiis harum tempore.','Alias occaecati maxime nostrum repellat voluptas accusamus. Deleniti doloremque deserunt laboriosam quod voluptas iusto id. Quo voluptates laborum facere fugit. Ratione inventore repellendus sed laboriosam illo aspernatur nam nulla.','2022-12-05 02:59:35',1,0),(29,'Mr. Frankie Weber','Mr.FrankieWeber_Kreiger@yahoo.com','95932 368277','Itaque commodi impedit id est soluta ipsa inventore at fugit.','Repudiandae accusantium at expedita blanditiis illum laborum. Quis aperiam saepe unde iusto iure facere totam odio. Voluptatibus inventore repellendus ipsam esse ipsa. Ad dolores repellat quibusdam maxime iste dolorum.','2022-09-21 13:20:55',0,1),(30,'Dwayne Monahan','DwayneMonahan71@yahoo.com','62392 846475','Distinctio impedit laborum.','Iure voluptates suscipit eos beatae fugiat a unde neque unde. At earum magnam repudiandae. Deserunt dolorem est repellendus dolore ullam atque. Porro asperiores asperiores est delectus. Necessitatibus amet qui minima doloribus. Rem autem fugit quas cum suscipit.','2022-12-09 14:22:05',0,1);
/*!40000 ALTER TABLE `contacts` ENABLE KEYS */;
UNLOCK TABLES;

--
-- Table structure for table `rooms`
--

DROP TABLE IF EXISTS `rooms`;
/*!40101 SET @saved_cs_client     = @@character_set_client */;
/*!50503 SET character_set_client = utf8mb4 */;
CREATE TABLE `rooms` (
  `_id` int NOT NULL AUTO_INCREMENT,
  `photos` text NOT NULL,
  `roomType` enum('Suite','Double Superior','Double Bed','Single Bed') NOT NULL,
  `description` text NOT NULL,
  `roomNumber` int NOT NULL,
  `offer` tinyint(1) NOT NULL,
  `price` int NOT NULL,
  `discount` int NOT NULL,
  `cancellation` text NOT NULL,
  `status` enum('Available','Booked') NOT NULL,
  `amenities` text NOT NULL,
  PRIMARY KEY (`_id`)
) ENGINE=InnoDB AUTO_INCREMENT=21 DEFAULT CHARSET=utf8mb4 COLLATE=utf8mb4_0900_ai_ci;
/*!40101 SET character_set_client = @saved_cs_client */;

--
-- Dumping data for table `rooms`
--

LOCK TABLES `rooms` WRITE;
/*!40000 ALTER TABLE `rooms` DISABLE KEYS */;
INSERT INTO `rooms` VALUES (1,'https://i.imgur.com/1zVmQkU.jpg, https://i.imgur.com/YdvJYpY.png, https://i.imgur.com/y7VB7is.jpg','Double Superior','Numquam deleniti magnam eius error labore quasi. Nemo dolorum unde magnam illum repudiandae odio id quaerat sit. Sit aperiam suscipit ratione odio culpa ad sequi repellendus. Dolor consectetur vitae quibusdam consequuntur dicta magni rem sit. Dignissimos neque ipsam deleniti quas necessitatibus rem eveniet. Velit quaerat voluptatibus accusamus occaecati tempora hic.',733,1,380,10,'Quod vitae magni similique eaque nulla voluptates earum impedit neque.','Available','Grocery,Shop near,Air Conditioner,Towels,Single Bed,Kitchen'),(2,'https://i.imgur.com/jhYMa8y.jpg, https://i.imgur.com/6z7zec2.png, https://i.imgur.com/US4oVWs.png','Double Bed','Quidem nostrum tempore. Accusantium at cum sunt minima autem. Quis esse dignissimos quibusdam a esse.',418,0,372,0,'Eius odio distinctio quis minus commodi.','Available','Shower,Cleaning,Breakfast,Grocery,Single Bed,Towels,Kitchen'),(3,'https://i.imgur.com/1zVmQkU.jpg, https://i.imgur.com/YdvJYpY.png, https://i.imgur.com/y7VB7is.jpg','Double Superior','Praesentium voluptate ea vero ea. Molestias a beatae possimus dignissimos dolore provident eius illo. Omnis voluptatum animi nihil alias.',417,0,1142,0,'Officiis odit officiis ex consectetur.','Available','Shop near,Kitchen,Towels,High speed WiFi,Single Bed,Shower'),(4,'https://i.imgur.com/1zVmQkU.jpg, https://i.imgur.com/YdvJYpY.png, https://i.imgur.com/y7VB7is.jpg','Double Superior','Quasi aperiam dolore totam ratione accusamus consectetur maxime neque. Excepturi debitis illum unde eligendi eos corporis earum. Laudantium provident aspernatur amet eligendi voluptates.',793,1,805,5,'Ab officia illo.','Booked','Single Bed,Cleaning,High speed WiFi,Air Conditioner,Grocery,Towels,Shower,Kitchen'),(5,'https://i.imgur.com/wRHoim3.jpg, https://i.imgur.com/TbyGZM3.jpg, https://i.imgur.com/ojDojnx.png','Suite','Ipsa modi eos similique debitis nesciunt. Vero natus odio quos distinctio eaque dolorem repudiandae assumenda. Recusandae nobis magnam natus. Provident perspiciatis delectus eaque assumenda ab. Vitae maxime aperiam voluptatibus in magnam doloremque eius ipsa ducimus.',719,1,369,5,'Voluptate ut sequi placeat illo architecto maxime.','Booked','Grocery,Kitchen,Air Conditioner,Single Bed,Shower,Breakfast'),(6,'https://i.imgur.com/gaQXf7t.png, https://i.imgur.com/GuXoiOX.png, https://i.imgur.com/JfDFjih.jpg','Single Bed','Dolorum dolore a maiores neque omnis quas laboriosam vero. Expedita itaque eius aliquam aspernatur enim quis nihil quidem. At voluptatem doloremque deserunt iure. Omnis temporibus quasi sed dolor libero vitae cumque beatae.',139,1,390,15,'Reiciendis sequi voluptas quia provident corrupti exercitationem accusantium cum ullam.','Available','Shop near,Shower,Cleaning,Grocery,Towels,Kitchen,Breakfast,Air Conditioner,Single Bed'),(7,'https://i.imgur.com/wRHoim3.jpg, https://i.imgur.com/TbyGZM3.jpg, https://i.imgur.com/ojDojnx.png','Suite','Maiores sequi praesentium distinctio explicabo voluptatum. Officiis totam facere exercitationem iure cupiditate nulla porro nisi vero. Similique distinctio magnam officia accusamus tenetur. Voluptatem iste ipsum excepturi itaque debitis impedit repellat. Error dolor molestiae adipisci explicabo eaque.',19,0,1027,0,'Saepe quibusdam quo illum consequatur.','Available','Cleaning,Air Conditioner,Shower,Towels,Shop near'),(8,'https://i.imgur.com/1zVmQkU.jpg, https://i.imgur.com/YdvJYpY.png, https://i.imgur.com/y7VB7is.jpg','Double Superior','Numquam molestias doloribus ut ratione in. Minima fuga fuga magni fugit dignissimos blanditiis. Labore quo laborum aliquam dolorum consequatur maxime aut similique. Id aut corporis vel.',641,0,407,0,'Quasi quos maxime quia esse illo molestias odit itaque.','Available','Breakfast,Cleaning,High speed WiFi,Towels,Kitchen,Single Bed,Air Conditioner,Shop near,Grocery'),(9,'https://i.imgur.com/wRHoim3.jpg, https://i.imgur.com/TbyGZM3.jpg, https://i.imgur.com/ojDojnx.png','Suite','Optio eligendi eius deserunt assumenda quo cum eveniet voluptatibus. Animi quidem repellat blanditiis excepturi. Totam maxime iste deserunt quod dignissimos veritatis animi occaecati laboriosam. Odit ipsum minima consequuntur voluptatibus quod autem impedit quos. Sed quisquam placeat autem. Sit ipsam ab sapiente placeat odit consectetur dolor.',452,0,1167,0,'Nostrum consequuntur reprehenderit ipsam maiores.','Booked','Cleaning,Grocery,Shower,Shop near,Breakfast,High speed WiFi'),(10,'https://i.imgur.com/gaQXf7t.png, https://i.imgur.com/GuXoiOX.png, https://i.imgur.com/JfDFjih.jpg','Single Bed','Earum non a atque. Nemo aspernatur reprehenderit sit voluptatem eum. Minus consectetur quos eos mollitia minima aperiam non. Atque nihil enim. Asperiores perspiciatis aliquid dolore.',300,0,1088,0,'Ipsam voluptates incidunt cumque quod aut rem aliquid.','Available','Shower,Cleaning,Breakfast,Shop near,Single Bed,Towels,Kitchen'),(11,'https://i.imgur.com/1zVmQkU.jpg, https://i.imgur.com/YdvJYpY.png, https://i.imgur.com/y7VB7is.jpg','Double Superior','Minima nam incidunt ducimus soluta accusamus magni commodi recusandae. Fuga laboriosam facilis. Enim error totam laudantium dolores eveniet eveniet laboriosam quidem praesentium. Nam doloribus accusamus ratione perspiciatis excepturi dolorum earum.',132,0,667,0,'Quos corporis nihil inventore sit.','Booked','Breakfast,Shower,Cleaning,Towels,Air Conditioner'),(12,'https://i.imgur.com/gaQXf7t.png, https://i.imgur.com/GuXoiOX.png, https://i.imgur.com/JfDFjih.jpg','Single Bed','In corporis sint. Molestiae eaque hic error officia modi perferendis quis velit. Ut provident maiores facilis voluptas aperiam neque et dignissimos. Porro totam totam suscipit maiores ipsa veniam. Reiciendis perferendis dolorem ex ex non suscipit vero minus odio. Suscipit quae quasi accusantium excepturi dolores eos enim quisquam.',922,0,759,0,'Aliquam veritatis blanditiis accusantium nemo.','Booked','Shop near,Single Bed,Shower,Breakfast,Grocery,Kitchen,Air Conditioner,Towels'),(13,'https://i.imgur.com/gaQXf7t.png, https://i.imgur.com/GuXoiOX.png, https://i.imgur.com/JfDFjih.jpg','Single Bed','Laboriosam facilis sint repudiandae tempore assumenda aspernatur enim. Fugiat eveniet excepturi. Nam quidem quisquam. Rem iste consequuntur illum repellendus.',240,0,1036,0,'Velit modi accusamus ratione.','Available','Grocery,High speed WiFi,Shop near,Air Conditioner,Single Bed,Towels,Cleaning'),(14,'https://i.imgur.com/jhYMa8y.jpg, https://i.imgur.com/6z7zec2.png, https://i.imgur.com/US4oVWs.png','Double Bed','Impedit reprehenderit odio recusandae rem recusandae totam voluptatum. Ex iste delectus. Perspiciatis commodi ut numquam fugit maiores sit inventore saepe mollitia. Nesciunt quam debitis non quasi odit fuga.',647,0,553,0,'Error harum possimus similique illo voluptatem.','Booked','Breakfast,Towels,Kitchen,Air Conditioner,High speed WiFi,Shop near,Shower'),(15,'https://i.imgur.com/1zVmQkU.jpg, https://i.imgur.com/YdvJYpY.png, https://i.imgur.com/y7VB7is.jpg','Double Superior','Vel sed consequuntur itaque. Id harum fugit assumenda. Sequi doloremque unde quasi. Numquam dolorum culpa maxime fugit quaerat nostrum voluptatum id laudantium. Ducimus amet corporis adipisci. Fugiat necessitatibus quae facere commodi reiciendis illo totam quod.',929,0,965,0,'Perferendis velit hic porro tenetur ipsum laboriosam.','Booked','Single Bed,Kitchen,Towels,Shower,Shop near,Grocery,Air Conditioner,Breakfast,Cleaning,High speed WiFi'),(16,'https://i.imgur.com/1zVmQkU.jpg, https://i.imgur.com/YdvJYpY.png, https://i.imgur.com/y7VB7is.jpg','Double Superior','Maiores reiciendis officia tempore culpa culpa enim ut recusandae vel. Explicabo sit totam qui autem reiciendis omnis esse aperiam. Deleniti iure vero occaecati beatae illo enim quo earum. Dolores vero hic omnis voluptas.',454,0,1071,0,'Dolorem deleniti dicta nobis doloribus tempore at.','Available','Breakfast,Shop near,Air Conditioner,Towels,Shower,Single Bed,Kitchen,High speed WiFi,Cleaning,Grocery'),(17,'https://i.imgur.com/wRHoim3.jpg, https://i.imgur.com/TbyGZM3.jpg, https://i.imgur.com/ojDojnx.png','Suite','Amet dolores laboriosam similique corporis porro error. Consequuntur accusamus sapiente quo perferendis repudiandae repellat. Mollitia et illum. Vel temporibus nostrum sit. Praesentium voluptatem voluptas minima corrupti quas deserunt eveniet architecto dolores.',348,0,749,0,'Quas quae ipsa.','Booked','Towels,Air Conditioner,Kitchen,Shop near,Grocery,High speed WiFi,Breakfast,Shower,Single Bed,Cleaning'),(18,'https://i.imgur.com/1zVmQkU.jpg, https://i.imgur.com/YdvJYpY.png, https://i.imgur.com/y7VB7is.jpg','Double Superior','Molestiae ullam ea tempore hic numquam et. Quidem reprehenderit ratione cumque ab. Ducimus deserunt reprehenderit omnis quo ipsam. Veniam recusandae reprehenderit alias quod ut impedit.',358,0,1181,0,'Assumenda vitae laboriosam vel.','Available','Grocery,Breakfast,Cleaning,Shop near,Single Bed'),(19,'https://i.imgur.com/1zVmQkU.jpg, https://i.imgur.com/YdvJYpY.png, https://i.imgur.com/y7VB7is.jpg','Double Superior','Quas in eligendi. Veniam aliquam exercitationem occaecati error. Porro recusandae fugit esse ipsa reprehenderit facilis est voluptates. Tenetur necessitatibus provident itaque consequuntur aut.',977,0,779,0,'Accusamus animi aliquid perspiciatis autem sint nam.','Available','Cleaning,Single Bed,Towels,Kitchen,Grocery,Shop near,Air Conditioner,High speed WiFi,Breakfast'),(20,'https://i.imgur.com/wRHoim3.jpg, https://i.imgur.com/TbyGZM3.jpg, https://i.imgur.com/ojDojnx.png','Suite','Ea itaque veritatis. Soluta omnis molestiae ullam reiciendis repudiandae occaecati repellat repudiandae facilis. Doloremque harum neque placeat eius placeat autem. Dicta explicabo cupiditate ad suscipit ratione.',313,1,665,15,'Tempore ut aspernatur ad.','Available','Breakfast,Single Bed,Kitchen,Shop near,Shower,Towels,Cleaning');
/*!40000 ALTER TABLE `rooms` ENABLE KEYS */;
UNLOCK TABLES;

--
-- Table structure for table `users`
--

DROP TABLE IF EXISTS `users`;
/*!40101 SET @saved_cs_client     = @@character_set_client */;
/*!50503 SET character_set_client = utf8mb4 */;
CREATE TABLE `users` (
  `_id` int NOT NULL AUTO_INCREMENT,
  `photo` text NOT NULL,
  `fullName` varchar(255) NOT NULL,
  `email` varchar(255) NOT NULL,
  `startDate` datetime NOT NULL,
  `description` text NOT NULL,
  `contact` varchar(255) NOT NULL,
  `status` varchar(255) NOT NULL,
  `role` varchar(255) NOT NULL,
  `password` text NOT NULL,
  PRIMARY KEY (`_id`)
) ENGINE=InnoDB AUTO_INCREMENT=21 DEFAULT CHARSET=utf8mb4 COLLATE=utf8mb4_0900_ai_ci;
/*!40101 SET character_set_client = @saved_cs_client */;

--
-- Dumping data for table `users`
--

LOCK TABLES `users` WRITE;
/*!40000 ALTER TABLE `users` DISABLE KEYS */;
INSERT INTO `users` VALUES (1,'https://cloudflare-ipfs.com/ipfs/Qmd3W5DuhgHirLHGVixi6V76LhCkZUz6pnFt5AJBiyvHye/avatar/635.jpg','Carrie Langosh','Donavon56@hotmail.com','2022-07-25 01:00:43','Principal','37528 176117','INACTIVE','Manager','$2b$12$ht8HpV2K.oqwdol7thvut.IX5xAYzAc8dMTPx2X8kPuKs2ukNByW.'),(2,'https://cloudflare-ipfs.com/ipfs/Qmd3W5DuhgHirLHGVixi6V76LhCkZUz6pnFt5AJBiyvHye/avatar/1108.jpg','Jeannette Huels','Felipe67@hotmail.com','2022-11-21 20:30:58','Legacy','75783 100844','ACTIVE','Room Services','$2b$12$2kPtyUvbejv.I7iQCvvsE.7B7XvMh7dihW5NLH1w26MutkPNKp7be'),(3,'https://cloudflare-ipfs.com/ipfs/Qmd3W5DuhgHirLHGVixi6V76LhCkZUz6pnFt5AJBiyvHye/avatar/436.jpg','Christy Fisher','Emilie.Feil@yahoo.com','2022-08-11 21:30:11','Human','57645 838523','ACTIVE','Manager','$2b$12$i.TJW57Np9Fd8UjLDOntGO.j4NCd3Xz6zX1ituBoQCJPnTLQJA6oa'),(4,'https://cloudflare-ipfs.com/ipfs/Qmd3W5DuhgHirLHGVixi6V76LhCkZUz6pnFt5AJBiyvHye/avatar/494.jpg','Antonio Farrell','Jaquelin.Reilly20@gmail.com','2022-06-27 07:04:28','Lead','36703 159429','INACTIVE','Receptionist','$2b$12$lDiRjlFCgoOisiQ0dchwD.krXME9/3YVwY4fGrxIPnZgtZr80f/t2'),(5,'https://cloudflare-ipfs.com/ipfs/Qmd3W5DuhgHirLHGVixi6V76LhCkZUz6pnFt5AJBiyvHye/avatar/746.jpg','Sammy Stamm','Dena.Rice@hotmail.com','2022-06-18 05:41:27','Direct','36628 009682','INACTIVE','Manager','$2b$12$GOhKlCbz5mvEEzvFv8D4s.5jLgn7PiquCtFv0IIl8O5YBGdM00PJK'),(6,'https://cloudflare-ipfs.com/ipfs/Qmd3W5DuhgHirLHGVixi6V76LhCkZUz6pnFt5AJBiyvHye/avatar/165.jpg','Kayla Gleichner','Marjolaine53@gmail.com','2023-02-23 09:28:57','Investor','24621 205124','ACTIVE','Room Services','$2b$12$2n3EV78X.HNi6lQVcS01Ue/pLj37BD/DDc.6Nyqn8PKbxE8s8J3gS'),(7,'https://cloudflare-ipfs.com/ipfs/Qmd3W5DuhgHirLHGVixi6V76LhCkZUz6pnFt5AJBiyvHye/avatar/257.jpg','Edwin Runte','Betty.Collins@gmail.com','2022-07-18 17:50:56','Principal','36315 639795','ACTIVE','Room Services','$2b$12$GFfd0q1QJ511kkxMERcM8eRrqHlIwctj7ZChmZduMtlXcP/wSfofO'),(8,'https://cloudflare-ipfs.com/ipfs/Qmd3W5DuhgHirLHGVixi6V76LhCkZUz6pnFt5AJBiyvHye/avatar/505.jpg','Gene Trantow','Hayley.Kerluke@hotmail.com','2022-10-10 07:06:19','Investor','91083 840779','ACTIVE','Receptionist','$2b$12$yx1SinAhmFSKA2SIFIQjb.DjQY2oDzHwAZucO/TaHpnYEKPqMvzES'),(9,'https://cloudflare-ipfs.com/ipfs/Qmd3W5DuhgHirLHGVixi6V76LhCkZUz6pnFt5AJBiyvHye/avatar/1117.jpg','Kelvin Ortiz','Claud_Beer21@hotmail.com','2023-03-04 04:56:08','Direct','73998 874261','INACTIVE','Manager','$2b$12$gsEYx16QJAHhGK1wdiOA6.CF33nTNgLa21lAc5hPH6NeBNKG5klRy'),(10,'https://cloudflare-ipfs.com/ipfs/Qmd3W5DuhgHirLHGVixi6V76LhCkZUz6pnFt5AJBiyvHye/avatar/633.jpg','Paula Quigley','Aliza.Labadie@hotmail.com','2023-03-30 20:56:04','Legacy','51431 455413','ACTIVE','Room Services','$2b$12$GQkPQ1v7z94eZh4.XCETEeAS3cHQ6RH2kX/VQaNigWq45.NKn4SgK'),(11,'https://cloudflare-ipfs.com/ipfs/Qmd3W5DuhgHirLHGVixi6V76LhCkZUz6pnFt5AJBiyvHye/avatar/388.jpg','Rudolph Braun','Cydney.Hirthe37@hotmail.com','2022-10-04 22:19:28','Dynamic','91856 569652','INACTIVE','Manager','$2b$12$v8NBczaZtEvRoWTTsG3.sOYmlNoAllGzRUWSXlolTxStVbQw1Kh0.'),(12,'https://cloudflare-ipfs.com/ipfs/Qmd3W5DuhgHirLHGVixi6V76LhCkZUz6pnFt5AJBiyvHye/avatar/773.jpg','Gabriel Prosacco','Olga88@hotmail.com','2022-10-12 09:05:43','Regional','56132 581396','ACTIVE','Manager','$2b$12$1hVz/8DC2.cKFVOcNRNyDOfmCWazn.FBR.bNYXARHnu08KJ7OFXn.'),(13,'https://cloudflare-ipfs.com/ipfs/Qmd3W5DuhgHirLHGVixi6V76LhCkZUz6pnFt5AJBiyvHye/avatar/1235.jpg','Raul Kirlin','Gillian.Breitenberg@yahoo.com','2022-06-08 00:42:39','Regional','92935 043088','INACTIVE','Room Services','$2b$12$FFj9b1zWaxbs/Twqs6L5CumXvzYB1z75fZq5m.JeZ4hcT6DIe36C.'),(14,'https://cloudflare-ipfs.com/ipfs/Qmd3W5DuhgHirLHGVixi6V76LhCkZUz6pnFt5AJBiyvHye/avatar/899.jpg','Jan Smitham','Garrick.Williamson86@hotmail.com','2022-09-14 21:14:23','Product','02772 260107','INACTIVE','Manager','$2b$12$hxj8JnkAcfBsi.Ne2GWjleS0ut/5j3X4T7fyS1Guk3QrXcz3muDjS'),(15,'https://cloudflare-ipfs.com/ipfs/Qmd3W5DuhgHirLHGVixi6V76LhCkZUz6pnFt5AJBiyvHye/avatar/1095.jpg','Alison Moen','Cleveland_Smitham53@yahoo.com','2023-05-09 04:50:18','Product','84150 673079','ACTIVE','Room Services','$2b$12$SFSpWqP3EV4dE/a6Dh4GU.vS0eZ97avCVoeF/P9WgK2yIDKXZxodu'),(16,'https://cloudflare-ipfs.com/ipfs/Qmd3W5DuhgHirLHGVixi6V76LhCkZUz6pnFt5AJBiyvHye/avatar/491.jpg','Caroline Buckridge PhD','Stephanie_Rogahn@yahoo.com','2022-10-31 16:31:55','Investor','04249 682239','ACTIVE','Room Services','$2b$12$FXN.PLXB2.TPvVXc/U7wG.DlWVp2z9tjoNpqqRaycnYTORlJY6TuO'),(17,'https://cloudflare-ipfs.com/ipfs/Qmd3W5DuhgHirLHGVixi6V76LhCkZUz6pnFt5AJBiyvHye/avatar/397.jpg','Adam Ebert','Sophia.Hammes95@hotmail.com','2022-09-15 10:37:38','Future','10802 410909','ACTIVE','Receptionist','$2b$12$bBixCD2b7B5jRBpLc2VviOTzgQVrZxX6VEC0O9.NZcARanUL80nJK'),(18,'https://cloudflare-ipfs.com/ipfs/Qmd3W5DuhgHirLHGVixi6V76LhCkZUz6pnFt5AJBiyvHye/avatar/1056.jpg','Marcus Weimann DVM','Leta.Muller@yahoo.com','2023-01-02 14:31:13','Central','59530 044717','INACTIVE','Room Services','$2b$12$NLBodem548.e3bdgroE2CO5jSRxkLBfdTlv2VNys4a6pBF0cOq8ne'),(19,'https://cloudflare-ipfs.com/ipfs/Qmd3W5DuhgHirLHGVixi6V76LhCkZUz6pnFt5AJBiyvHye/avatar/777.jpg','Byron Gleichner','Harley_Bauch85@yahoo.com','2022-06-22 10:17:46','Direct','06909 858985','ACTIVE','Room Services','$2b$12$ph4PeE8AoLYu0qB48Ig05uJ1o4GIb3Wc2P2BOOHoSk5aeWqy6Gc8q'),(20,'https://i.imgur.com/xgHkhDm.jpg','Agustin Carignano','agustin.carignano@gmail.com','2023-03-02 23:00:00','Lorem ipsum','14523 4789652','ACTIVE','Manager','$2b$12$ct7zVtqxSMPJ5pPuYk/UFe7lpyqaPnm9hLM/BYOv2qSGGEIYBUx/W');
/*!40000 ALTER TABLE `users` ENABLE KEYS */;
UNLOCK TABLES;
/*!40103 SET TIME_ZONE=@OLD_TIME_ZONE */;

/*!40101 SET SQL_MODE=@OLD_SQL_MODE */;
/*!40014 SET FOREIGN_KEY_CHECKS=@OLD_FOREIGN_KEY_CHECKS */;
/*!40014 SET UNIQUE_CHECKS=@OLD_UNIQUE_CHECKS */;
/*!40101 SET CHARACTER_SET_CLIENT=@OLD_CHARACTER_SET_CLIENT */;
/*!40101 SET CHARACTER_SET_RESULTS=@OLD_CHARACTER_SET_RESULTS */;
/*!40101 SET COLLATION_CONNECTION=@OLD_COLLATION_CONNECTION */;
/*!40111 SET SQL_NOTES=@OLD_SQL_NOTES */;

-- Dump completed on 2023-06-05 16:47:55
